https://campusnet.jacobs-university.de/scripts/mgrqispi.dll?APPNAME=CampusNet&PRGNAME=COURSEDETAILS&ARGUMENTS=-N000000000000001,-N000127,-N0,-N357945202514726,-N357945202501727,-N0,-N0,-N0
https://campusnet.jacobs-university.de/scripts/mgrqispi.dll?APPNAME=CampusNet&PRGNAME=COURSEDETAILS&ARGUMENTS=-N000000000000001,-N000127,-N0,-N358365669296522,-N358365669268523,-N0,-N0,-N0
https://campusnet.jacobs-university.de/scripts/mgrqispi.dll?APPNAME=CampusNet&PRGNAME=COURSEDETAILS&ARGUMENTS=-N000000000000001,-N000127,-N0,-N358366266334754,-N358366266384755,-N0,-N0,-N0
https://campusnet.jacobs-university.de/scripts/mgrqispi.dll?APPNAME=CampusNet&PRGNAME=COURSEDETAILS&ARGUMENTS=-N000000000000001,-N000127,-N0,-N358104218308372,-N358104218389373,-N0,-N0,-N0
https://campusnet.jacobs-university.de/scripts/mgrqispi.dll?APPNAME=CampusNet&PRGNAME=COURSEDETAILS&ARGUMENTS=-N000000000000001,-N000127,-N0,-N357994914690644,-N357994914659645,-N0,-N0,-N0
https://campusnet.jacobs-university.de/scripts/mgrqispi.dll?APPNAME=CampusNet&PRGNAME=COURSEDETAILS&ARGUMENTS=-N000000000000001,-N000127,-N0,-N357994914672649,-N357994914651650,-N0,-N0,-N0
https://campusnet.jacobs-university.de/scripts/mgrqispi.dll?APPNAME=CampusNet&PRGNAME=COURSEDETAILS&ARGUMENTS=-N000000000000001,-N000127,-N0,-N357994914641654,-N357994914673655,-N0,-N0,-N0
https://campusnet.jacobs-university.de/scripts/mgrqispi.dll?APPNAME=CampusNet&PRGNAME=COURSEDETAILS&ARGUMENTS=-N000000000000001,-N000127,-N0,-N357994914624659,-N357994914618660,-N0,-N0,-N0
https://campusnet.jacobs-university.de/scripts/mgrqispi.dll?APPNAME=CampusNet&PRGNAME=COURSEDETAILS&ARGUMENTS=-N000000000000001,-N000127,-N0,-N357994914675664,-N357994914631665,-N0,-N0,-N0
https://campusnet.jacobs-university.de/scripts/mgrqispi.dll?APPNAME=CampusNet&PRGNAME=COURSEDETAILS&ARGUMENTS=-N000000000000001,-N000127,-N0,-N357994914683669,-N357994914696670,-N0,-N0,-N0
https://campusnet.jacobs-university.de/scripts/mgrqispi.dll?APPNAME=CampusNet&PRGNAME=COURSEDETAILS&ARGUMENTS=-N000000000000001,-N000127,-N0,-N357994914782674,-N357994914794675,-N0,-N0,-N0
https://campusnet.jacobs-university.de/scripts/mgrqispi.dll?APPNAME=CampusNet&PRGNAME=COURSEDETAILS&ARGUMENTS=-N000000000000001,-N000127,-N0,-N358024016562495,-N358024016533496,-N0,-N0,-N0
https://campusnet.jacobs-university.de/scripts/mgrqispi.dll?APPNAME=CampusNet&PRGNAME=COURSEDETAILS&ARGUMENTS=-N000000000000001,-N000127,-N0,-N358073997910600,-N358073997943601,-N0,-N0,-N0
https://campusnet.jacobs-university.de/scripts/mgrqispi.dll?APPNAME=CampusNet&PRGNAME=COURSEDETAILS&ARGUMENTS=-N000000000000001,-N000127,-N0,-N358073998049619,-N358073998061620,-N0,-N0,-N0
https://campusnet.jacobs-university.de/scripts/mgrqispi.dll?APPNAME=CampusNet&PRGNAME=COURSEDETAILS&ARGUMENTS=-N000000000000001,-N000127,-N0,-N358073998053637,-N358073998093638,-N0,-N0,-N0
https://campusnet.jacobs-university.de/scripts/mgrqispi.dll?APPNAME=CampusNet&PRGNAME=COURSEDETAILS&ARGUMENTS=-N000000000000001,-N000127,-N0,-N358094505208949,-N358094505289950,-N0,-N0,-N0
https://campusnet.jacobs-university.de/scripts/mgrqispi.dll?APPNAME=CampusNet&PRGNAME=COURSEDETAILS&ARGUMENTS=-N000000000000001,-N000127,-N0,-N358073998034642,-N358073998060643,-N0,-N0,-N0
https://campusnet.jacobs-university.de/scripts/mgrqispi.dll?APPNAME=CampusNet&PRGNAME=COURSEDETAILS&ARGUMENTS=-N000000000000001,-N000127,-N0,-N358073998028647,-N358073998025648,-N0,-N0,-N0
https://campusnet.jacobs-university.de/scripts/mgrqispi.dll?APPNAME=CampusNet&PRGNAME=COURSEDETAILS&ARGUMENTS=-N000000000000001,-N000127,-N0,-N358094530262101,-N358094530209102,-N0,-N0,-N0
https://campusnet.jacobs-university.de/scripts/mgrqispi.dll?APPNAME=CampusNet&PRGNAME=COURSEDETAILS&ARGUMENTS=-N000000000000001,-N000127,-N0,-N358024758604596,-N358024758633597,-N0,-N0,-N0
https://campusnet.jacobs-university.de/scripts/mgrqispi.dll?APPNAME=CampusNet&PRGNAME=COURSEDETAILS&ARGUMENTS=-N000000000000001,-N000127,-N0,-N358024758737614,-N358024758741615,-N0,-N0,-N0
https://campusnet.jacobs-university.de/scripts/mgrqispi.dll?APPNAME=CampusNet&PRGNAME=COURSEDETAILS&ARGUMENTS=-N000000000000001,-N000127,-N0,-N358024758752632,-N358024758766633,-N0,-N0,-N0
https://campusnet.jacobs-university.de/scripts/mgrqispi.dll?APPNAME=CampusNet&PRGNAME=COURSEDETAILS&ARGUMENTS=-N000000000000001,-N000127,-N0,-N358024758777650,-N358024758759651,-N0,-N0,-N0
https://campusnet.jacobs-university.de/scripts/mgrqispi.dll?APPNAME=CampusNet&PRGNAME=COURSEDETAILS&ARGUMENTS=-N000000000000001,-N000127,-N0,-N358024801747672,-N358024801782673,-N0,-N0,-N0
https://campusnet.jacobs-university.de/scripts/mgrqispi.dll?APPNAME=CampusNet&PRGNAME=COURSEDETAILS&ARGUMENTS=-N000000000000001,-N000127,-N0,-N357994984673684,-N357994984627685,-N0,-N0,-N0
https://campusnet.jacobs-university.de/scripts/mgrqispi.dll?APPNAME=CampusNet&PRGNAME=COURSEDETAILS&ARGUMENTS=-N000000000000001,-N000127,-N0,-N357394188559546,-N357394188578547,-N0,-N0,-N0
https://campusnet.jacobs-university.de/scripts/mgrqispi.dll?APPNAME=CampusNet&PRGNAME=COURSEDETAILS&ARGUMENTS=-N000000000000001,-N000127,-N0,-N357394188657550,-N357394188650551,-N0,-N0,-N0
https://campusnet.jacobs-university.de/scripts/mgrqispi.dll?APPNAME=CampusNet&PRGNAME=COURSEDETAILS&ARGUMENTS=-N000000000000001,-N000127,-N0,-N357394188685554,-N357394188624555,-N0,-N0,-N0
https://campusnet.jacobs-university.de/scripts/mgrqispi.dll?APPNAME=CampusNet&PRGNAME=COURSEDETAILS&ARGUMENTS=-N000000000000001,-N000127,-N0,-N357394188621558,-N357394188611559,-N0,-N0,-N0
https://campusnet.jacobs-university.de/scripts/mgrqispi.dll?APPNAME=CampusNet&PRGNAME=COURSEDETAILS&ARGUMENTS=-N000000000000001,-N000127,-N0,-N357394188643562,-N357394188651563,-N0,-N0,-N0
https://campusnet.jacobs-university.de/scripts/mgrqispi.dll?APPNAME=CampusNet&PRGNAME=COURSEDETAILS&ARGUMENTS=-N000000000000001,-N000127,-N0,-N357394188751566,-N357394188765567,-N0,-N0,-N0
https://campusnet.jacobs-university.de/scripts/mgrqispi.dll?APPNAME=CampusNet&PRGNAME=COURSEDETAILS&ARGUMENTS=-N000000000000001,-N000127,-N0,-N357394188706570,-N357394188786571,-N0,-N0,-N0
https://campusnet.jacobs-university.de/scripts/mgrqispi.dll?APPNAME=CampusNet&PRGNAME=COURSEDETAILS&ARGUMENTS=-N000000000000001,-N000127,-N0,-N357394188748578,-N357394188734579,-N0,-N0,-N0
https://campusnet.jacobs-university.de/scripts/mgrqispi.dll?APPNAME=CampusNet&PRGNAME=COURSEDETAILS&ARGUMENTS=-N000000000000001,-N000127,-N0,-N357394188816582,-N357394188879583,-N0,-N0,-N0
https://campusnet.jacobs-university.de/scripts/mgrqispi.dll?APPNAME=CampusNet&PRGNAME=COURSEDETAILS&ARGUMENTS=-N000000000000001,-N000127,-N0,-N357394188788574,-N357394188780575,-N0,-N0,-N0
https://campusnet.jacobs-university.de/scripts/mgrqispi.dll?APPNAME=CampusNet&PRGNAME=COURSEDETAILS&ARGUMENTS=-N000000000000001,-N000127,-N0,-N357394891061640,-N357394891006641,-N0,-N0,-N0
https://campusnet.jacobs-university.de/scripts/mgrqispi.dll?APPNAME=CampusNet&PRGNAME=COURSEDETAILS&ARGUMENTS=-N000000000000001,-N000127,-N0,-N357394891044644,-N357394891027645,-N0,-N0,-N0
https://campusnet.jacobs-university.de/scripts/mgrqispi.dll?APPNAME=CampusNet&PRGNAME=COURSEDETAILS&ARGUMENTS=-N000000000000001,-N000127,-N0,-N357394891041648,-N357394891048649,-N0,-N0,-N0
https://campusnet.jacobs-university.de/scripts/mgrqispi.dll?APPNAME=CampusNet&PRGNAME=COURSEDETAILS&ARGUMENTS=-N000000000000001,-N000127,-N0,-N357394891189656,-N357394891131657,-N0,-N0,-N0
https://campusnet.jacobs-university.de/scripts/mgrqispi.dll?APPNAME=CampusNet&PRGNAME=COURSEDETAILS&ARGUMENTS=-N000000000000001,-N000127,-N0,-N357394891164652,-N357394891162653,-N0,-N0,-N0
https://campusnet.jacobs-university.de/scripts/mgrqispi.dll?APPNAME=CampusNet&PRGNAME=COURSEDETAILS&ARGUMENTS=-N000000000000001,-N000127,-N0,-N357394891168660,-N357394891145661,-N0,-N0,-N0
https://campusnet.jacobs-university.de/scripts/mgrqispi.dll?APPNAME=CampusNet&PRGNAME=COURSEDETAILS&ARGUMENTS=-N000000000000001,-N000127,-N0,-N357394891213672,-N357394891273673,-N0,-N0,-N0
https://campusnet.jacobs-university.de/scripts/mgrqispi.dll?APPNAME=CampusNet&PRGNAME=COURSEDETAILS&ARGUMENTS=-N000000000000001,-N000127,-N0,-N357604795667834,-N357604795692835,-N0,-N0,-N0
https://campusnet.jacobs-university.de/scripts/mgrqispi.dll?APPNAME=CampusNet&PRGNAME=COURSEDETAILS&ARGUMENTS=-N000000000000001,-N000127,-N0,-N357394891215676,-N357394891226677,-N0,-N0,-N0
https://campusnet.jacobs-university.de/scripts/mgrqispi.dll?APPNAME=CampusNet&PRGNAME=COURSEDETAILS&ARGUMENTS=-N000000000000001,-N000127,-N0,-N357394891258664,-N357394891276665,-N0,-N0,-N0
https://campusnet.jacobs-university.de/scripts/mgrqispi.dll?APPNAME=CampusNet&PRGNAME=COURSEDETAILS&ARGUMENTS=-N000000000000001,-N000127,-N0,-N357394891214668,-N357394891249669,-N0,-N0,-N0
https://campusnet.jacobs-university.de/scripts/mgrqispi.dll?APPNAME=CampusNet&PRGNAME=COURSEDETAILS&ARGUMENTS=-N000000000000001,-N000127,-N0,-N358286206501404,-N358286206501405,-N0,-N0,-N0
https://campusnet.jacobs-university.de/scripts/mgrqispi.dll?APPNAME=CampusNet&PRGNAME=COURSEDETAILS&ARGUMENTS=-N000000000000001,-N000127,-N0,-N357394188748578,-N357394188734579,-N0,-N0,-N0
https://campusnet.jacobs-university.de/scripts/mgrqispi.dll?APPNAME=CampusNet&PRGNAME=COURSEDETAILS&ARGUMENTS=-N000000000000001,-N000127,-N0,-N357394860888608,-N357394860880609,-N0,-N0,-N0
https://campusnet.jacobs-university.de/scripts/mgrqispi.dll?APPNAME=CampusNet&PRGNAME=COURSEDETAILS&ARGUMENTS=-N000000000000001,-N000127,-N0,-N357394861016628,-N357394861079629,-N0,-N0,-N0
https://campusnet.jacobs-university.de/scripts/mgrqispi.dll?APPNAME=CampusNet&PRGNAME=COURSEDETAILS&ARGUMENTS=-N000000000000001,-N000127,-N0,-N357394860928612,-N357394860950613,-N0,-N0,-N0
https://campusnet.jacobs-university.de/scripts/mgrqispi.dll?APPNAME=CampusNet&PRGNAME=COURSEDETAILS&ARGUMENTS=-N000000000000001,-N000127,-N0,-N357473849577207,-N357473849585208,-N0,-N0,-N0
https://campusnet.jacobs-university.de/scripts/mgrqispi.dll?APPNAME=CampusNet&PRGNAME=COURSEDETAILS&ARGUMENTS=-N000000000000001,-N000127,-N0,-N357394860700600,-N357394860726601,-N0,-N0,-N0
https://campusnet.jacobs-university.de/scripts/mgrqispi.dll?APPNAME=CampusNet&PRGNAME=COURSEDETAILS&ARGUMENTS=-N000000000000001,-N000127,-N0,-N357394860816604,-N357394860803605,-N0,-N0,-N0
https://campusnet.jacobs-university.de/scripts/mgrqispi.dll?APPNAME=CampusNet&PRGNAME=COURSEDETAILS&ARGUMENTS=-N000000000000001,-N000127,-N0,-N357394861115632,-N357394861101633,-N0,-N0,-N0
https://campusnet.jacobs-university.de/scripts/mgrqispi.dll?APPNAME=CampusNet&PRGNAME=COURSEDETAILS&ARGUMENTS=-N000000000000001,-N000127,-N0,-N357394860961616,-N357394860906617,-N0,-N0,-N0
https://campusnet.jacobs-university.de/scripts/mgrqispi.dll?APPNAME=CampusNet&PRGNAME=COURSEDETAILS&ARGUMENTS=-N000000000000001,-N000127,-N0,-N357394861012620,-N357394861047621,-N0,-N0,-N0
https://campusnet.jacobs-university.de/scripts/mgrqispi.dll?APPNAME=CampusNet&PRGNAME=COURSEDETAILS&ARGUMENTS=-N000000000000001,-N000127,-N0,-N357473849653211,-N357473849619212,-N0,-N0,-N0
https://campusnet.jacobs-university.de/scripts/mgrqispi.dll?APPNAME=CampusNet&PRGNAME=COURSEDETAILS&ARGUMENTS=-N000000000000001,-N000127,-N0,-N357394891041648,-N357394891048649,-N0,-N0,-N0
https://campusnet.jacobs-university.de/scripts/mgrqispi.dll?APPNAME=CampusNet&PRGNAME=COURSEDETAILS&ARGUMENTS=-N000000000000001,-N000127,-N0,-N357394891189656,-N357394891131657,-N0,-N0,-N0
https://campusnet.jacobs-university.de/scripts/mgrqispi.dll?APPNAME=CampusNet&PRGNAME=COURSEDETAILS&ARGUMENTS=-N000000000000001,-N000127,-N0,-N357394891168660,-N357394891145661,-N0,-N0,-N0
https://campusnet.jacobs-university.de/scripts/mgrqispi.dll?APPNAME=CampusNet&PRGNAME=COURSEDETAILS&ARGUMENTS=-N000000000000001,-N000127,-N0,-N357394891258664,-N357394891276665,-N0,-N0,-N0
https://campusnet.jacobs-university.de/scripts/mgrqispi.dll?APPNAME=CampusNet&PRGNAME=COURSEDETAILS&ARGUMENTS=-N000000000000001,-N000127,-N0,-N357394891214668,-N357394891249669,-N0,-N0,-N0
https://campusnet.jacobs-university.de/scripts/mgrqispi.dll?APPNAME=CampusNet&PRGNAME=COURSEDETAILS&ARGUMENTS=-N000000000000001,-N000127,-N0,-N357394956349695,-N357394956362696,-N0,-N0,-N0
https://campusnet.jacobs-university.de/scripts/mgrqispi.dll?APPNAME=CampusNet&PRGNAME=COURSEDETAILS&ARGUMENTS=-N000000000000001,-N000127,-N0,-N358443949962472,-N358443949958473,-N0,-N0,-N0
https://campusnet.jacobs-university.de/scripts/mgrqispi.dll?APPNAME=CampusNet&PRGNAME=COURSEDETAILS&ARGUMENTS=-N000000000000001,-N000127,-N0,-N357395058446748,-N357395058406749,-N0,-N0,-N0
https://campusnet.jacobs-university.de/scripts/mgrqispi.dll?APPNAME=CampusNet&PRGNAME=COURSEDETAILS&ARGUMENTS=-N000000000000001,-N000127,-N0,-N357395058461752,-N357395058482753,-N0,-N0,-N0
https://campusnet.jacobs-university.de/scripts/mgrqispi.dll?APPNAME=CampusNet&PRGNAME=COURSEDETAILS&ARGUMENTS=-N000000000000001,-N000127,-N0,-N357395058423744,-N357395058415745,-N0,-N0,-N0
https://campusnet.jacobs-university.de/scripts/mgrqispi.dll?APPNAME=CampusNet&PRGNAME=COURSEDETAILS&ARGUMENTS=-N000000000000001,-N000127,-N0,-N357395058380736,-N357395058341737,-N0,-N0,-N0
https://campusnet.jacobs-university.de/scripts/mgrqispi.dll?APPNAME=CampusNet&PRGNAME=COURSEDETAILS&ARGUMENTS=-N000000000000001,-N000127,-N0,-N358093190605069,-N358093190609070,-N0,-N0,-N0
https://campusnet.jacobs-university.de/scripts/mgrqispi.dll?APPNAME=CampusNet&PRGNAME=COURSEDETAILS&ARGUMENTS=-N000000000000001,-N000127,-N0,-N357395257495763,-N357395257492764,-N0,-N0,-N0
https://campusnet.jacobs-university.de/scripts/mgrqispi.dll?APPNAME=CampusNet&PRGNAME=COURSEDETAILS&ARGUMENTS=-N000000000000001,-N000127,-N0,-N357395257550787,-N357395257562788,-N0,-N0,-N0
https://campusnet.jacobs-university.de/scripts/mgrqispi.dll?APPNAME=CampusNet&PRGNAME=COURSEDETAILS&ARGUMENTS=-N000000000000001,-N000127,-N0,-N357395257520783,-N357395257561784,-N0,-N0,-N0
https://campusnet.jacobs-university.de/scripts/mgrqispi.dll?APPNAME=CampusNet&PRGNAME=COURSEDETAILS&ARGUMENTS=-N000000000000001,-N000127,-N0,-N357395257619791,-N357395257609792,-N0,-N0,-N0
https://campusnet.jacobs-university.de/scripts/mgrqispi.dll?APPNAME=CampusNet&PRGNAME=COURSEDETAILS&ARGUMENTS=-N000000000000001,-N000127,-N0,-N357395257435767,-N357395257412768,-N0,-N0,-N0
https://campusnet.jacobs-university.de/scripts/mgrqispi.dll?APPNAME=CampusNet&PRGNAME=COURSEDETAILS&ARGUMENTS=-N000000000000001,-N000127,-N0,-N357395257470771,-N357395257497772,-N0,-N0,-N0
https://campusnet.jacobs-university.de/scripts/mgrqispi.dll?APPNAME=CampusNet&PRGNAME=COURSEDETAILS&ARGUMENTS=-N000000000000001,-N000127,-N0,-N357395257415775,-N357395257426776,-N0,-N0,-N0
https://campusnet.jacobs-university.de/scripts/mgrqispi.dll?APPNAME=CampusNet&PRGNAME=COURSEDETAILS&ARGUMENTS=-N000000000000001,-N000127,-N0,-N357395257557779,-N357395257550780,-N0,-N0,-N0
https://campusnet.jacobs-university.de/scripts/mgrqispi.dll?APPNAME=CampusNet&PRGNAME=COURSEDETAILS&ARGUMENTS=-N000000000000001,-N000127,-N0,-N357404136264490,-N357404136263491,-N0,-N0,-N0
https://campusnet.jacobs-university.de/scripts/mgrqispi.dll?APPNAME=CampusNet&PRGNAME=COURSEDETAILS&ARGUMENTS=-N000000000000001,-N000127,-N0,-N357404136137482,-N357404136114483,-N0,-N0,-N0
https://campusnet.jacobs-university.de/scripts/mgrqispi.dll?APPNAME=CampusNet&PRGNAME=COURSEDETAILS&ARGUMENTS=-N000000000000001,-N000127,-N0,-N357395278264843,-N357395278238844,-N0,-N0,-N0
https://campusnet.jacobs-university.de/scripts/mgrqispi.dll?APPNAME=CampusNet&PRGNAME=COURSEDETAILS&ARGUMENTS=-N000000000000001,-N000127,-N0,-N357395278294839,-N357395278215840,-N0,-N0,-N0
https://campusnet.jacobs-university.de/scripts/mgrqispi.dll?APPNAME=CampusNet&PRGNAME=COURSEDETAILS&ARGUMENTS=-N000000000000001,-N000127,-N0,-N357395278274835,-N357395278281836,-N0,-N0,-N0
https://campusnet.jacobs-university.de/scripts/mgrqispi.dll?APPNAME=CampusNet&PRGNAME=COURSEDETAILS&ARGUMENTS=-N000000000000001,-N000127,-N0,-N357395278260831,-N357395278280832,-N0,-N0,-N0
https://campusnet.jacobs-university.de/scripts/mgrqispi.dll?APPNAME=CampusNet&PRGNAME=COURSEDETAILS&ARGUMENTS=-N000000000000001,-N000127,-N0,-N357395278392851,-N357395278312852,-N0,-N0,-N0
https://campusnet.jacobs-university.de/scripts/mgrqispi.dll?APPNAME=CampusNet&PRGNAME=COURSEDETAILS&ARGUMENTS=-N000000000000001,-N000127,-N0,-N357395278393847,-N357395278362848,-N0,-N0,-N0
https://campusnet.jacobs-university.de/scripts/mgrqispi.dll?APPNAME=CampusNet&PRGNAME=COURSEDETAILS&ARGUMENTS=-N000000000000001,-N000127,-N0,-N357395278445855,-N357395278454856,-N0,-N0,-N0
https://campusnet.jacobs-university.de/scripts/mgrqispi.dll?APPNAME=CampusNet&PRGNAME=COURSEDETAILS&ARGUMENTS=-N000000000000001,-N000127,-N0,-N357395257661799,-N357395257683800,-N0,-N0,-N0
https://campusnet.jacobs-university.de/scripts/mgrqispi.dll?APPNAME=CampusNet&PRGNAME=COURSEDETAILS&ARGUMENTS=-N000000000000001,-N000127,-N0,-N357395257925827,-N357395257995828,-N0,-N0,-N0
https://campusnet.jacobs-university.de/scripts/mgrqispi.dll?APPNAME=CampusNet&PRGNAME=COURSEDETAILS&ARGUMENTS=-N000000000000001,-N000127,-N0,-N357395257769803,-N357395257720804,-N0,-N0,-N0
https://campusnet.jacobs-university.de/scripts/mgrqispi.dll?APPNAME=CampusNet&PRGNAME=COURSEDETAILS&ARGUMENTS=-N000000000000001,-N000127,-N0,-N357395257860807,-N357395257880808,-N0,-N0,-N0
https://campusnet.jacobs-university.de/scripts/mgrqispi.dll?APPNAME=CampusNet&PRGNAME=COURSEDETAILS&ARGUMENTS=-N000000000000001,-N000127,-N0,-N357395257880811,-N357395257816812,-N0,-N0,-N0
https://campusnet.jacobs-university.de/scripts/mgrqispi.dll?APPNAME=CampusNet&PRGNAME=COURSEDETAILS&ARGUMENTS=-N000000000000001,-N000127,-N0,-N357395257899815,-N357395257848816,-N0,-N0,-N0
https://campusnet.jacobs-university.de/scripts/mgrqispi.dll?APPNAME=CampusNet&PRGNAME=COURSEDETAILS&ARGUMENTS=-N000000000000001,-N000127,-N0,-N357395257824819,-N357395257893820,-N0,-N0,-N0
https://campusnet.jacobs-university.de/scripts/mgrqispi.dll?APPNAME=CampusNet&PRGNAME=COURSEDETAILS&ARGUMENTS=-N000000000000001,-N000127,-N0,-N357395257983823,-N357395257995824,-N0,-N0,-N0
https://campusnet.jacobs-university.de/scripts/mgrqispi.dll?APPNAME=CampusNet&PRGNAME=COURSEDETAILS&ARGUMENTS=-N000000000000001,-N000127,-N0,-N357473975003217,-N357473975031218,-N0,-N0,-N0
https://campusnet.jacobs-university.de/scripts/mgrqispi.dll?APPNAME=CampusNet&PRGNAME=COURSEDETAILS&ARGUMENTS=-N000000000000001,-N000127,-N0,-N357395257675795,-N357395257606796,-N0,-N0,-N0
https://campusnet.jacobs-university.de/scripts/mgrqispi.dll?APPNAME=CampusNet&PRGNAME=COURSEDETAILS&ARGUMENTS=-N000000000000001,-N000127,-N0,-N358423595378823,-N358423595311824,-N0,-N0,-N0
https://campusnet.jacobs-university.de/scripts/mgrqispi.dll?APPNAME=CampusNet&PRGNAME=COURSEDETAILS&ARGUMENTS=-N000000000000001,-N000127,-N0,-N357393248013417,-N357393248074418,-N0,-N0,-N0
https://campusnet.jacobs-university.de/scripts/mgrqispi.dll?APPNAME=CampusNet&PRGNAME=COURSEDETAILS&ARGUMENTS=-N000000000000001,-N000127,-N0,-N357393248062421,-N357393248034422,-N0,-N0,-N0
https://campusnet.jacobs-university.de/scripts/mgrqispi.dll?APPNAME=CampusNet&PRGNAME=COURSEDETAILS&ARGUMENTS=-N000000000000001,-N000127,-N0,-N357393248073425,-N357393248004426,-N0,-N0,-N0
https://campusnet.jacobs-university.de/scripts/mgrqispi.dll?APPNAME=CampusNet&PRGNAME=COURSEDETAILS&ARGUMENTS=-N000000000000001,-N000127,-N0,-N358103393380330,-N358103393366331,-N0,-N0,-N0
https://campusnet.jacobs-university.de/scripts/mgrqispi.dll?APPNAME=CampusNet&PRGNAME=COURSEDETAILS&ARGUMENTS=-N000000000000001,-N000127,-N0,-N358103373551295,-N358103373540296,-N0,-N0,-N0
https://campusnet.jacobs-university.de/scripts/mgrqispi.dll?APPNAME=CampusNet&PRGNAME=COURSEDETAILS&ARGUMENTS=-N000000000000001,-N000127,-N0,-N358103373592290,-N358103373561291,-N0,-N0,-N0
https://campusnet.jacobs-university.de/scripts/mgrqispi.dll?APPNAME=CampusNet&PRGNAME=COURSEDETAILS&ARGUMENTS=-N000000000000001,-N000127,-N0,-N358276270880362,-N358276270842363,-N0,-N0,-N0
https://campusnet.jacobs-university.de/scripts/mgrqispi.dll?APPNAME=CampusNet&PRGNAME=COURSEDETAILS&ARGUMENTS=-N000000000000001,-N000127,-N0,-N358103373665300,-N358103373614301,-N0,-N0,-N0
https://campusnet.jacobs-university.de/scripts/mgrqispi.dll?APPNAME=CampusNet&PRGNAME=COURSEDETAILS&ARGUMENTS=-N000000000000001,-N000127,-N0,-N358103373652305,-N358103373667306,-N0,-N0,-N0
https://campusnet.jacobs-university.de/scripts/mgrqispi.dll?APPNAME=CampusNet&PRGNAME=COURSEDETAILS&ARGUMENTS=-N000000000000001,-N000127,-N0,-N358103373637310,-N358103373616311,-N0,-N0,-N0
https://campusnet.jacobs-university.de/scripts/mgrqispi.dll?APPNAME=CampusNet&PRGNAME=COURSEDETAILS&ARGUMENTS=-N000000000000001,-N000127,-N0,-N358103373652325,-N358103373692326,-N0,-N0,-N0
https://campusnet.jacobs-university.de/scripts/mgrqispi.dll?APPNAME=CampusNet&PRGNAME=COURSEDETAILS&ARGUMENTS=-N000000000000001,-N000127,-N0,-N358103373651320,-N358103373690321,-N0,-N0,-N0
https://campusnet.jacobs-university.de/scripts/mgrqispi.dll?APPNAME=CampusNet&PRGNAME=COURSEDETAILS&ARGUMENTS=-N000000000000001,-N000127,-N0,-N358103373563285,-N358103373560286,-N0,-N0,-N0
https://campusnet.jacobs-university.de/scripts/mgrqispi.dll?APPNAME=CampusNet&PRGNAME=COURSEDETAILS&ARGUMENTS=-N000000000000001,-N000127,-N0,-N358103373570280,-N358103373547281,-N0,-N0,-N0
https://campusnet.jacobs-university.de/scripts/mgrqispi.dll?APPNAME=CampusNet&PRGNAME=COURSEDETAILS&ARGUMENTS=-N000000000000001,-N000127,-N0,-N358103373442275,-N358103373498276,-N0,-N0,-N0
https://campusnet.jacobs-university.de/scripts/mgrqispi.dll?APPNAME=CampusNet&PRGNAME=COURSEDETAILS&ARGUMENTS=-N000000000000001,-N000127,-N0,-N358103373650315,-N358103373612316,-N0,-N0,-N0
https://campusnet.jacobs-university.de/scripts/mgrqispi.dll?APPNAME=CampusNet&PRGNAME=COURSEDETAILS&ARGUMENTS=-N000000000000001,-N000127,-N0,-N357404136020458,-N357404136085459,-N0,-N0,-N0
https://campusnet.jacobs-university.de/scripts/mgrqispi.dll?APPNAME=CampusNet&PRGNAME=COURSEDETAILS&ARGUMENTS=-N000000000000001,-N000127,-N0,-N357404136182478,-N357404136193479,-N0,-N0,-N0
https://campusnet.jacobs-university.de/scripts/mgrqispi.dll?APPNAME=CampusNet&PRGNAME=COURSEDETAILS&ARGUMENTS=-N000000000000001,-N000127,-N0,-N357404136015470,-N357404136076471,-N0,-N0,-N0
https://campusnet.jacobs-university.de/scripts/mgrqispi.dll?APPNAME=CampusNet&PRGNAME=COURSEDETAILS&ARGUMENTS=-N000000000000001,-N000127,-N0,-N357404136003462,-N357404136081463,-N0,-N0,-N0
https://campusnet.jacobs-university.de/scripts/mgrqispi.dll?APPNAME=CampusNet&PRGNAME=COURSEDETAILS&ARGUMENTS=-N000000000000001,-N000127,-N0,-N357404136071466,-N357404136050467,-N0,-N0,-N0
https://campusnet.jacobs-university.de/scripts/mgrqispi.dll?APPNAME=CampusNet&PRGNAME=COURSEDETAILS&ARGUMENTS=-N000000000000001,-N000127,-N0,-N357404136276486,-N357404136233487,-N0,-N0,-N0
https://campusnet.jacobs-university.de/scripts/mgrqispi.dll?APPNAME=CampusNet&PRGNAME=COURSEDETAILS&ARGUMENTS=-N000000000000001,-N000127,-N0,-N357404136275494,-N357404136231495,-N0,-N0,-N0
https://campusnet.jacobs-university.de/scripts/mgrqispi.dll?APPNAME=CampusNet&PRGNAME=COURSEDETAILS&ARGUMENTS=-N000000000000001,-N000127,-N0,-N357404136128474,-N357404136124475,-N0,-N0,-N0
https://campusnet.jacobs-university.de/scripts/mgrqispi.dll?APPNAME=CampusNet&PRGNAME=COURSEDETAILS&ARGUMENTS=-N000000000000001,-N000127,-N0,-N357404155570516,-N357404155548517,-N0,-N0,-N0
https://campusnet.jacobs-university.de/scripts/mgrqispi.dll?APPNAME=CampusNet&PRGNAME=COURSEDETAILS&ARGUMENTS=-N000000000000001,-N000127,-N0,-N357404155698520,-N357404155697521,-N0,-N0,-N0
https://campusnet.jacobs-university.de/scripts/mgrqispi.dll?APPNAME=CampusNet&PRGNAME=COURSEDETAILS&ARGUMENTS=-N000000000000001,-N000127,-N0,-N358434644360345,-N358434644330346,-N0,-N0,-N0
https://campusnet.jacobs-university.de/scripts/mgrqispi.dll?APPNAME=CampusNet&PRGNAME=COURSEDETAILS&ARGUMENTS=-N000000000000001,-N000127,-N0,-N358304880100606,-N358304880125607,-N0,-N0,-N0
https://campusnet.jacobs-university.de/scripts/mgrqispi.dll?APPNAME=CampusNet&PRGNAME=COURSEDETAILS&ARGUMENTS=-N000000000000001,-N000127,-N0,-N357953961929423,-N357953961952424,-N0,-N0,-N0
https://campusnet.jacobs-university.de/scripts/mgrqispi.dll?APPNAME=CampusNet&PRGNAME=COURSEDETAILS&ARGUMENTS=-N000000000000001,-N000127,-N0,-N357393128409381,-N357393128466382,-N0,-N0,-N0
https://campusnet.jacobs-university.de/scripts/mgrqispi.dll?APPNAME=CampusNet&PRGNAME=COURSEDETAILS&ARGUMENTS=-N000000000000001,-N000127,-N0,-N357943508602126,-N357943508680127,-N0,-N0,-N0
https://campusnet.jacobs-university.de/scripts/mgrqispi.dll?APPNAME=CampusNet&PRGNAME=COURSEDETAILS&ARGUMENTS=-N000000000000001,-N000127,-N0,-N357393128547385,-N357393128557386,-N0,-N0,-N0
https://campusnet.jacobs-university.de/scripts/mgrqispi.dll?APPNAME=CampusNet&PRGNAME=COURSEDETAILS&ARGUMENTS=-N000000000000001,-N000127,-N0,-N357393128547389,-N357393128533390,-N0,-N0,-N0
https://campusnet.jacobs-university.de/scripts/mgrqispi.dll?APPNAME=CampusNet&PRGNAME=COURSEDETAILS&ARGUMENTS=-N000000000000001,-N000127,-N0,-N357393128501393,-N357393128527394,-N0,-N0,-N0
https://campusnet.jacobs-university.de/scripts/mgrqispi.dll?APPNAME=CampusNet&PRGNAME=COURSEDETAILS&ARGUMENTS=-N000000000000001,-N000127,-N0,-N357393128626397,-N357393128671398,-N0,-N0,-N0
https://campusnet.jacobs-university.de/scripts/mgrqispi.dll?APPNAME=CampusNet&PRGNAME=COURSEDETAILS&ARGUMENTS=-N000000000000001,-N000127,-N0,-N357393128640401,-N357393128670402,-N0,-N0,-N0
https://campusnet.jacobs-university.de/scripts/mgrqispi.dll?APPNAME=CampusNet&PRGNAME=COURSEDETAILS&ARGUMENTS=-N000000000000001,-N000127,-N0,-N357943874958134,-N357943874977135,-N0,-N0,-N0
https://campusnet.jacobs-university.de/scripts/mgrqispi.dll?APPNAME=CampusNet&PRGNAME=COURSEDETAILS&ARGUMENTS=-N000000000000001,-N000127,-N0,-N357393128601405,-N357393128651406,-N0,-N0,-N0
https://campusnet.jacobs-university.de/scripts/mgrqispi.dll?APPNAME=CampusNet&PRGNAME=COURSEDETAILS&ARGUMENTS=-N000000000000001,-N000127,-N0,-N357393410459431,-N357393410478432,-N0,-N0,-N0
https://campusnet.jacobs-university.de/scripts/mgrqispi.dll?APPNAME=CampusNet&PRGNAME=COURSEDETAILS&ARGUMENTS=-N000000000000001,-N000127,-N0,-N357393410541435,-N357393410547436,-N0,-N0,-N0
https://campusnet.jacobs-university.de/scripts/mgrqispi.dll?APPNAME=CampusNet&PRGNAME=COURSEDETAILS&ARGUMENTS=-N000000000000001,-N000127,-N0,-N357393410541439,-N357393410523440,-N0,-N0,-N0
https://campusnet.jacobs-university.de/scripts/mgrqispi.dll?APPNAME=CampusNet&PRGNAME=COURSEDETAILS&ARGUMENTS=-N000000000000001,-N000127,-N0,-N357393410514443,-N357393410599444,-N0,-N0,-N0
https://campusnet.jacobs-university.de/scripts/mgrqispi.dll?APPNAME=CampusNet&PRGNAME=COURSEDETAILS&ARGUMENTS=-N000000000000001,-N000127,-N0,-N357393410633447,-N357393410608448,-N0,-N0,-N0
https://campusnet.jacobs-university.de/scripts/mgrqispi.dll?APPNAME=CampusNet&PRGNAME=COURSEDETAILS&ARGUMENTS=-N000000000000001,-N000127,-N0,-N357393410682451,-N357393410619452,-N0,-N0,-N0
https://campusnet.jacobs-university.de/scripts/mgrqispi.dll?APPNAME=CampusNet&PRGNAME=COURSEDETAILS&ARGUMENTS=-N000000000000001,-N000127,-N0,-N357393410648455,-N357393410635456,-N0,-N0,-N0
https://campusnet.jacobs-university.de/scripts/mgrqispi.dll?APPNAME=CampusNet&PRGNAME=COURSEDETAILS&ARGUMENTS=-N000000000000001,-N000127,-N0,-N357393410768459,-N357393410719460,-N0,-N0,-N0
https://campusnet.jacobs-university.de/scripts/mgrqispi.dll?APPNAME=CampusNet&PRGNAME=COURSEDETAILS&ARGUMENTS=-N000000000000001,-N000127,-N0,-N357394072715520,-N357394072726521,-N0,-N0,-N0
https://campusnet.jacobs-university.de/scripts/mgrqispi.dll?APPNAME=CampusNet&PRGNAME=COURSEDETAILS&ARGUMENTS=-N000000000000001,-N000127,-N0,-N357394072638508,-N357394072667509,-N0,-N0,-N0
https://campusnet.jacobs-university.de/scripts/mgrqispi.dll?APPNAME=CampusNet&PRGNAME=COURSEDETAILS&ARGUMENTS=-N000000000000001,-N000127,-N0,-N357394072546484,-N357394072530485,-N0,-N0,-N0
https://campusnet.jacobs-university.de/scripts/mgrqispi.dll?APPNAME=CampusNet&PRGNAME=COURSEDETAILS&ARGUMENTS=-N000000000000001,-N000127,-N0,-N357394072816528,-N357394072803529,-N0,-N0,-N0
https://campusnet.jacobs-university.de/scripts/mgrqispi.dll?APPNAME=CampusNet&PRGNAME=COURSEDETAILS&ARGUMENTS=-N000000000000001,-N000127,-N0,-N357394072757516,-N357394072775517,-N0,-N0,-N0
https://campusnet.jacobs-university.de/scripts/mgrqispi.dll?APPNAME=CampusNet&PRGNAME=COURSEDETAILS&ARGUMENTS=-N000000000000001,-N000127,-N0,-N357394072605504,-N357394072658505,-N0,-N0,-N0
https://campusnet.jacobs-university.de/scripts/mgrqispi.dll?APPNAME=CampusNet&PRGNAME=COURSEDETAILS&ARGUMENTS=-N000000000000001,-N000127,-N0,-N357394072569488,-N357394072597489,-N0,-N0,-N0
https://campusnet.jacobs-university.de/scripts/mgrqispi.dll?APPNAME=CampusNet&PRGNAME=COURSEDETAILS&ARGUMENTS=-N000000000000001,-N000127,-N0,-N357394072547480,-N357394072582481,-N0,-N0,-N0
https://campusnet.jacobs-university.de/scripts/mgrqispi.dll?APPNAME=CampusNet&PRGNAME=COURSEDETAILS&ARGUMENTS=-N000000000000001,-N000127,-N0,-N357394072316472,-N357394072304473,-N0,-N0,-N0
https://campusnet.jacobs-university.de/scripts/mgrqispi.dll?APPNAME=CampusNet&PRGNAME=COURSEDETAILS&ARGUMENTS=-N000000000000001,-N000127,-N0,-N357394072789512,-N357394072706513,-N0,-N0,-N0
https://campusnet.jacobs-university.de/scripts/mgrqispi.dll?APPNAME=CampusNet&PRGNAME=COURSEDETAILS&ARGUMENTS=-N000000000000001,-N000127,-N0,-N357394072859532,-N357394072804533,-N0,-N0,-N0
https://campusnet.jacobs-university.de/scripts/mgrqispi.dll?APPNAME=CampusNet&PRGNAME=COURSEDETAILS&ARGUMENTS=-N000000000000001,-N000127,-N0,-N357394072545492,-N357394072505493,-N0,-N0,-N0
https://campusnet.jacobs-university.de/scripts/mgrqispi.dll?APPNAME=CampusNet&PRGNAME=COURSEDETAILS&ARGUMENTS=-N000000000000001,-N000127,-N0,-N357394072699500,-N357394072699501,-N0,-N0,-N0
https://campusnet.jacobs-university.de/scripts/mgrqispi.dll?APPNAME=CampusNet&PRGNAME=COURSEDETAILS&ARGUMENTS=-N000000000000001,-N000127,-N0,-N357394072654496,-N357394072671497,-N0,-N0,-N0
https://campusnet.jacobs-university.de/scripts/mgrqispi.dll?APPNAME=CampusNet&PRGNAME=COURSEDETAILS&ARGUMENTS=-N000000000000001,-N000127,-N0,-N357394980801705,-N357394980802706,-N0,-N0,-N0
https://campusnet.jacobs-university.de/scripts/mgrqispi.dll?APPNAME=CampusNet&PRGNAME=COURSEDETAILS&ARGUMENTS=-N000000000000001,-N000127,-N0,-N357394980813709,-N357394980823710,-N0,-N0,-N0
https://campusnet.jacobs-university.de/scripts/mgrqispi.dll?APPNAME=CampusNet&PRGNAME=COURSEDETAILS&ARGUMENTS=-N000000000000001,-N000127,-N0,-N357394980736701,-N357394980764702,-N0,-N0,-N0
https://campusnet.jacobs-university.de/scripts/mgrqispi.dll?APPNAME=CampusNet&PRGNAME=COURSEDETAILS&ARGUMENTS=-N000000000000001,-N000127,-N0,-N357394980856713,-N357394980874714,-N0,-N0,-N0
https://campusnet.jacobs-university.de/scripts/mgrqispi.dll?APPNAME=CampusNet&PRGNAME=COURSEDETAILS&ARGUMENTS=-N000000000000001,-N000127,-N0,-N357394980999717,-N357394980923718,-N0,-N0,-N0
https://campusnet.jacobs-university.de/scripts/mgrqispi.dll?APPNAME=CampusNet&PRGNAME=COURSEDETAILS&ARGUMENTS=-N000000000000001,-N000127,-N0,-N357394980958725,-N357394980901726,-N0,-N0,-N0
https://campusnet.jacobs-university.de/scripts/mgrqispi.dll?APPNAME=CampusNet&PRGNAME=COURSEDETAILS&ARGUMENTS=-N000000000000001,-N000127,-N0,-N357393410759463,-N357393410779464,-N0,-N0,-N0
https://campusnet.jacobs-university.de/scripts/mgrqispi.dll?APPNAME=CampusNet&PRGNAME=COURSEDETAILS&ARGUMENTS=-N000000000000001,-N000127,-N0,-N357394980954721,-N357394980970722,-N0,-N0,-N0
https://campusnet.jacobs-university.de/scripts/mgrqispi.dll?APPNAME=CampusNet&PRGNAME=COURSEDETAILS&ARGUMENTS=-N000000000000001,-N000127,-N0,-N357295445705021,-N357295445733022,-N0,-N0,-N0
https://campusnet.jacobs-university.de/scripts/mgrqispi.dll?APPNAME=CampusNet&PRGNAME=COURSEDETAILS&ARGUMENTS=-N000000000000001,-N000127,-N0,-N357953961929423,-N357953961952424,-N0,-N0,-N0
https://campusnet.jacobs-university.de/scripts/mgrqispi.dll?APPNAME=CampusNet&PRGNAME=COURSEDETAILS&ARGUMENTS=-N000000000000001,-N000127,-N0,-N357295235973947,-N357295235928948,-N0,-N0,-N0
https://campusnet.jacobs-university.de/scripts/mgrqispi.dll?APPNAME=CampusNet&PRGNAME=COURSEDETAILS&ARGUMENTS=-N000000000000001,-N000127,-N0,-N357295439134012,-N357295439136013,-N0,-N0,-N0
https://campusnet.jacobs-university.de/scripts/mgrqispi.dll?APPNAME=CampusNet&PRGNAME=COURSEDETAILS&ARGUMENTS=-N000000000000001,-N000127,-N0,-N357295235917943,-N357295235905944,-N0,-N0,-N0
https://campusnet.jacobs-university.de/scripts/mgrqispi.dll?APPNAME=CampusNet&PRGNAME=COURSEDETAILS&ARGUMENTS=-N000000000000001,-N000127,-N0,-N357295439113016,-N357295439198017,-N0,-N0,-N0
https://campusnet.jacobs-university.de/scripts/mgrqispi.dll?APPNAME=CampusNet&PRGNAME=COURSEDETAILS&ARGUMENTS=-N000000000000001,-N000127,-N0,-N357084731697257,-N357084731620258,-N0,-N0,-N0
https://campusnet.jacobs-university.de/scripts/mgrqispi.dll?APPNAME=CampusNet&PRGNAME=COURSEDETAILS&ARGUMENTS=-N000000000000001,-N000127,-N0,-N357295382114971,-N357295382100972,-N0,-N0,-N0
https://campusnet.jacobs-university.de/scripts/mgrqispi.dll?APPNAME=CampusNet&PRGNAME=COURSEDETAILS&ARGUMENTS=-N000000000000001,-N000127,-N0,-N357745234225306,-N357745234245307,-N0,-N0,-N0
https://campusnet.jacobs-university.de/scripts/mgrqispi.dll?APPNAME=CampusNet&PRGNAME=COURSEDETAILS&ARGUMENTS=-N000000000000001,-N000127,-N0,-N358353995986148,-N358353995926149,-N0,-N0,-N0
https://campusnet.jacobs-university.de/scripts/mgrqispi.dll?APPNAME=CampusNet&PRGNAME=COURSEDETAILS&ARGUMENTS=-N000000000000001,-N000127,-N0,-N357295417422003,-N357295417415004,-N0,-N0,-N0
https://campusnet.jacobs-university.de/scripts/mgrqispi.dll?APPNAME=CampusNet&PRGNAME=COURSEDETAILS&ARGUMENTS=-N000000000000001,-N000127,-N0,-N358004477024094,-N358004477068095,-N0,-N0,-N0
https://campusnet.jacobs-university.de/scripts/mgrqispi.dll?APPNAME=CampusNet&PRGNAME=COURSEDETAILS&ARGUMENTS=-N000000000000001,-N000127,-N0,-N357745234225306,-N357745234245307,-N0,-N0,-N0
https://campusnet.jacobs-university.de/scripts/mgrqispi.dll?APPNAME=CampusNet&PRGNAME=COURSEDETAILS&ARGUMENTS=-N000000000000001,-N000127,-N0,-N357295428273008,-N357295428204009,-N0,-N0,-N0
https://campusnet.jacobs-university.de/scripts/mgrqispi.dll?APPNAME=CampusNet&PRGNAME=COURSEDETAILS&ARGUMENTS=-N000000000000001,-N000127,-N0,-N357084731851277,-N357084731815278,-N0,-N0,-N0
https://campusnet.jacobs-university.de/scripts/mgrqispi.dll?APPNAME=CampusNet&PRGNAME=COURSEDETAILS&ARGUMENTS=-N000000000000001,-N000127,-N0,-N358366069239676,-N358366069218677,-N0,-N0,-N0
https://campusnet.jacobs-university.de/scripts/mgrqispi.dll?APPNAME=CampusNet&PRGNAME=COURSEDETAILS&ARGUMENTS=-N000000000000001,-N000127,-N0,-N357295391283976,-N357295391221977,-N0,-N0,-N0
https://campusnet.jacobs-university.de/scripts/mgrqispi.dll?APPNAME=CampusNet&PRGNAME=COURSEDETAILS&ARGUMENTS=-N000000000000001,-N000127,-N0,-N357295391322984,-N357295391364985,-N0,-N0,-N0
https://campusnet.jacobs-university.de/scripts/mgrqispi.dll?APPNAME=CampusNet&PRGNAME=COURSEDETAILS&ARGUMENTS=-N000000000000001,-N000127,-N0,-N357295391315988,-N357295391326989,-N0,-N0,-N0
https://campusnet.jacobs-university.de/scripts/mgrqispi.dll?APPNAME=CampusNet&PRGNAME=COURSEDETAILS&ARGUMENTS=-N000000000000001,-N000127,-N0,-N357295391395980,-N357295391317981,-N0,-N0,-N0
https://campusnet.jacobs-university.de/scripts/mgrqispi.dll?APPNAME=CampusNet&PRGNAME=COURSEDETAILS&ARGUMENTS=-N000000000000001,-N000127,-N0,-N357295391312992,-N357295391397993,-N0,-N0,-N0
https://campusnet.jacobs-university.de/scripts/mgrqispi.dll?APPNAME=CampusNet&PRGNAME=COURSEDETAILS&ARGUMENTS=-N000000000000001,-N000127,-N0,-N358304880100606,-N358304880125607,-N0,-N0,-N0
https://campusnet.jacobs-university.de/scripts/mgrqispi.dll?APPNAME=CampusNet&PRGNAME=COURSEDETAILS&ARGUMENTS=-N000000000000001,-N000127,-N0,-N357295235964955,-N357295235962956,-N0,-N0,-N0
https://campusnet.jacobs-university.de/scripts/mgrqispi.dll?APPNAME=CampusNet&PRGNAME=COURSEDETAILS&ARGUMENTS=-N000000000000001,-N000127,-N0,-N357295235976951,-N357295235984952,-N0,-N0,-N0
https://campusnet.jacobs-university.de/scripts/mgrqispi.dll?APPNAME=CampusNet&PRGNAME=COURSEDETAILS&ARGUMENTS=-N000000000000001,-N000127,-N0,-N358363948134927,-N358363948185928,-N0,-N0,-N0
https://campusnet.jacobs-university.de/scripts/mgrqispi.dll?APPNAME=CampusNet&PRGNAME=COURSEDETAILS&ARGUMENTS=-N000000000000001,-N000127,-N0,-N358104218308372,-N358104218389373,-N0,-N0,-N0
https://campusnet.jacobs-university.de/scripts/mgrqispi.dll?APPNAME=CampusNet&PRGNAME=COURSEDETAILS&ARGUMENTS=-N000000000000001,-N000127,-N0,-N358073606754124,-N358073606719125,-N0,-N0,-N0
https://campusnet.jacobs-university.de/scripts/mgrqispi.dll?APPNAME=CampusNet&PRGNAME=COURSEDETAILS&ARGUMENTS=-N000000000000001,-N000127,-N0,-N357295377471966,-N357295377499967,-N0,-N0,-N0
https://campusnet.jacobs-university.de/scripts/mgrqispi.dll?APPNAME=CampusNet&PRGNAME=COURSEDETAILS&ARGUMENTS=-N000000000000001,-N000127,-N0,-N357084731724261,-N357084731717262,-N0,-N0,-N0
https://campusnet.jacobs-university.de/scripts/mgrqispi.dll?APPNAME=CampusNet&PRGNAME=COURSEDETAILS&ARGUMENTS=-N000000000000001,-N000127,-N0,-N357084731895265,-N357084731867266,-N0,-N0,-N0
https://campusnet.jacobs-university.de/scripts/mgrqispi.dll?APPNAME=CampusNet&PRGNAME=COURSEDETAILS&ARGUMENTS=-N000000000000001,-N000127,-N0,-N357084731894269,-N357084731865270,-N0,-N0,-N0
https://campusnet.jacobs-university.de/scripts/mgrqispi.dll?APPNAME=CampusNet&PRGNAME=COURSEDETAILS&ARGUMENTS=-N000000000000001,-N000127,-N0,-N357084731812273,-N357084731821274,-N0,-N0,-N0
https://campusnet.jacobs-university.de/scripts/mgrqispi.dll?APPNAME=CampusNet&PRGNAME=COURSEDETAILS&ARGUMENTS=-N000000000000001,-N000127,-N0,-N357295217959927,-N357295217954928,-N0,-N0,-N0
https://campusnet.jacobs-university.de/scripts/mgrqispi.dll?APPNAME=CampusNet&PRGNAME=COURSEDETAILS&ARGUMENTS=-N000000000000001,-N000127,-N0,-N358143519148057,-N358143519160058,-N0,-N0,-N0
https://campusnet.jacobs-university.de/scripts/mgrqispi.dll?APPNAME=CampusNet&PRGNAME=COURSEDETAILS&ARGUMENTS=-N000000000000001,-N000127,-N0,-N358143534698066,-N358143534671067,-N0,-N0,-N0
https://campusnet.jacobs-university.de/scripts/mgrqispi.dll?APPNAME=CampusNet&PRGNAME=COURSEDETAILS&ARGUMENTS=-N000000000000001,-N000127,-N0,-N357295218042935,-N357295218050936,-N0,-N0,-N0
https://campusnet.jacobs-university.de/scripts/mgrqispi.dll?APPNAME=CampusNet&PRGNAME=COURSEDETAILS&ARGUMENTS=-N000000000000001,-N000127,-N0,-N358355137681892,-N358355137642893,-N0,-N0,-N0
https://campusnet.jacobs-university.de/scripts/mgrqispi.dll?APPNAME=CampusNet&PRGNAME=COURSEDETAILS&ARGUMENTS=-N000000000000001,-N000127,-N0,-N358355137677897,-N358355137660898,-N0,-N0,-N0
https://campusnet.jacobs-university.de/scripts/mgrqispi.dll?APPNAME=CampusNet&PRGNAME=COURSEDETAILS&ARGUMENTS=-N000000000000001,-N000127,-N0,-N358355137513877,-N358355137573878,-N0,-N0,-N0
https://campusnet.jacobs-university.de/scripts/mgrqispi.dll?APPNAME=CampusNet&PRGNAME=COURSEDETAILS&ARGUMENTS=-N000000000000001,-N000127,-N0,-N358355137538882,-N358355137541883,-N0,-N0,-N0
https://campusnet.jacobs-university.de/scripts/mgrqispi.dll?APPNAME=CampusNet&PRGNAME=COURSEDETAILS&ARGUMENTS=-N000000000000001,-N000127,-N0,-N358355137554887,-N358355137545888,-N0,-N0,-N0
https://campusnet.jacobs-university.de/scripts/mgrqispi.dll?APPNAME=CampusNet&PRGNAME=COURSEDETAILS&ARGUMENTS=-N000000000000001,-N000127,-N0,-N358364527382980,-N358364527319981,-N0,-N0,-N0
https://campusnet.jacobs-university.de/scripts/mgrqispi.dll?APPNAME=CampusNet&PRGNAME=COURSEDETAILS&ARGUMENTS=-N000000000000001,-N000127,-N0,-N358355137694902,-N358355137639903,-N0,-N0,-N0
https://campusnet.jacobs-university.de/scripts/mgrqispi.dll?APPNAME=CampusNet&PRGNAME=COURSEDETAILS&ARGUMENTS=-N000000000000001,-N000127,-N0,-N358355137629907,-N358355137652908,-N0,-N0,-N0
https://campusnet.jacobs-university.de/scripts/mgrqispi.dll?APPNAME=CampusNet&PRGNAME=COURSEDETAILS&ARGUMENTS=-N000000000000001,-N000127,-N0,-N358355137638912,-N358355137617913,-N0,-N0,-N0
https://campusnet.jacobs-university.de/scripts/mgrqispi.dll?APPNAME=CampusNet&PRGNAME=COURSEDETAILS&ARGUMENTS=-N000000000000001,-N000127,-N0,-N358355137727917,-N358355137722918,-N0,-N0,-N0
https://campusnet.jacobs-university.de/scripts/mgrqispi.dll?APPNAME=CampusNet&PRGNAME=COURSEDETAILS&ARGUMENTS=-N000000000000001,-N000127,-N0,-N358355137770922,-N358355137773923,-N0,-N0,-N0
https://campusnet.jacobs-university.de/scripts/mgrqispi.dll?APPNAME=CampusNet&PRGNAME=COURSEDETAILS&ARGUMENTS=-N000000000000001,-N000127,-N0,-N358355137716927,-N358355137728928,-N0,-N0,-N0
https://campusnet.jacobs-university.de/scripts/mgrqispi.dll?APPNAME=CampusNet&PRGNAME=COURSEDETAILS&ARGUMENTS=-N000000000000001,-N000127,-N0,-N358355137773932,-N358355137752933,-N0,-N0,-N0
https://campusnet.jacobs-university.de/scripts/mgrqispi.dll?APPNAME=CampusNet&PRGNAME=COURSEDETAILS&ARGUMENTS=-N000000000000001,-N000127,-N0,-N358355137935966,-N358355137911967,-N0,-N0,-N0
https://campusnet.jacobs-university.de/scripts/mgrqispi.dll?APPNAME=CampusNet&PRGNAME=COURSEDETAILS&ARGUMENTS=-N000000000000001,-N000127,-N0,-N358355137970968,-N358355137974969,-N0,-N0,-N0
https://campusnet.jacobs-university.de/scripts/mgrqispi.dll?APPNAME=CampusNet&PRGNAME=COURSEDETAILS&ARGUMENTS=-N000000000000001,-N000127,-N0,-N358355137771937,-N358355137724938,-N0,-N0,-N0
https://campusnet.jacobs-university.de/scripts/mgrqispi.dll?APPNAME=CampusNet&PRGNAME=COURSEDETAILS&ARGUMENTS=-N000000000000001,-N000127,-N0,-N358355137817939,-N358355137880940,-N0,-N0,-N0
https://campusnet.jacobs-university.de/scripts/mgrqispi.dll?APPNAME=CampusNet&PRGNAME=COURSEDETAILS&ARGUMENTS=-N000000000000001,-N000127,-N0,-N358355137837944,-N358355137840945,-N0,-N0,-N0
https://campusnet.jacobs-university.de/scripts/mgrqispi.dll?APPNAME=CampusNet&PRGNAME=COURSEDETAILS&ARGUMENTS=-N000000000000001,-N000127,-N0,-N358355137871949,-N358355137849950,-N0,-N0,-N0
https://campusnet.jacobs-university.de/scripts/mgrqispi.dll?APPNAME=CampusNet&PRGNAME=COURSEDETAILS&ARGUMENTS=-N000000000000001,-N000127,-N0,-N358355137835954,-N358355137837955,-N0,-N0,-N0
https://campusnet.jacobs-university.de/scripts/mgrqispi.dll?APPNAME=CampusNet&PRGNAME=COURSEDETAILS&ARGUMENTS=-N000000000000001,-N000127,-N0,-N358355137870959,-N358355137872960,-N0,-N0,-N0
https://campusnet.jacobs-university.de/scripts/mgrqispi.dll?APPNAME=CampusNet&PRGNAME=COURSEDETAILS&ARGUMENTS=-N000000000000001,-N000127,-N0,-N358355137977961,-N358355137910962,-N0,-N0,-N0
https://campusnet.jacobs-university.de/scripts/mgrqispi.dll?APPNAME=CampusNet&PRGNAME=COURSEDETAILS&ARGUMENTS=-N000000000000001,-N000127,-N0,-N357084733908285,-N357084733914286,-N0,-N0,-N0
https://campusnet.jacobs-university.de/scripts/mgrqispi.dll?APPNAME=CampusNet&PRGNAME=COURSEDETAILS&ARGUMENTS=-N000000000000001,-N000127,-N0,-N357084733934281,-N357084733910282,-N0,-N0,-N0
https://campusnet.jacobs-university.de/scripts/mgrqispi.dll?APPNAME=CampusNet&PRGNAME=MODULEDETAILS&ARGUMENTS=-N000000000000001,-N000127,-N358225445147586,-A
https://campusnet.jacobs-university.de/scripts/mgrqispi.dll?APPNAME=CampusNet&PRGNAME=COURSEDETAILS&ARGUMENTS=-N000000000000001,-N000127,-N0,-N358225653003235,-N358225653056236,-N0,-N0,-N0
https://campusnet.jacobs-university.de/scripts/mgrqispi.dll?APPNAME=CampusNet&PRGNAME=COURSEDETAILS&ARGUMENTS=-N000000000000001,-N000127,-N0,-N358225653728517,-N358225653749518,-N0,-N0,-N0
https://campusnet.jacobs-university.de/scripts/mgrqispi.dll?APPNAME=CampusNet&PRGNAME=MODULEDETAILS&ARGUMENTS=-N000000000000001,-N000127,-N358225445104576,-A
https://campusnet.jacobs-university.de/scripts/mgrqispi.dll?APPNAME=CampusNet&PRGNAME=COURSEDETAILS&ARGUMENTS=-N000000000000001,-N000127,-N0,-N358225652964199,-N358225652988200,-N0,-N0,-N0
https://campusnet.jacobs-university.de/scripts/mgrqispi.dll?APPNAME=CampusNet&PRGNAME=COURSEDETAILS&ARGUMENTS=-N000000000000001,-N000127,-N0,-N358225653719499,-N358225653759500,-N0,-N0,-N0
https://campusnet.jacobs-university.de/scripts/mgrqispi.dll?APPNAME=CampusNet&PRGNAME=MODULEDETAILS&ARGUMENTS=-N000000000000001,-N000127,-N358425625234672,-A
https://campusnet.jacobs-university.de/scripts/mgrqispi.dll?APPNAME=CampusNet&PRGNAME=COURSEDETAILS&ARGUMENTS=-N000000000000001,-N000127,-N0,-N358425631171679,-N358425631100680,-N0,-N0,-N0
https://campusnet.jacobs-university.de/scripts/mgrqispi.dll?APPNAME=CampusNet&PRGNAME=COURSEDETAILS&ARGUMENTS=-N000000000000001,-N000127,-N0,-N358425631224687,-N358425631267688,-N0,-N0,-N0
https://campusnet.jacobs-university.de/scripts/mgrqispi.dll?APPNAME=CampusNet&PRGNAME=COURSEDETAILS&ARGUMENTS=-N000000000000001,-N000127,-N0,-N358425631282695,-N358425631295696,-N0,-N0,-N0
https://campusnet.jacobs-university.de/scripts/mgrqispi.dll?APPNAME=CampusNet&PRGNAME=MODULEDETAILS&ARGUMENTS=-N000000000000001,-N000127,-N358225445107571,-A
https://campusnet.jacobs-university.de/scripts/mgrqispi.dll?APPNAME=CampusNet&PRGNAME=COURSEDETAILS&ARGUMENTS=-N000000000000001,-N000127,-N0,-N358225652800184,-N358225652850185,-N0,-N0,-N0
https://campusnet.jacobs-university.de/scripts/mgrqispi.dll?APPNAME=CampusNet&PRGNAME=COURSEDETAILS&ARGUMENTS=-N000000000000001,-N000127,-N0,-N358225652942217,-N358225652924218,-N0,-N0,-N0
https://campusnet.jacobs-university.de/scripts/mgrqispi.dll?APPNAME=CampusNet&PRGNAME=MODULEDETAILS&ARGUMENTS=-N000000000000001,-N000127,-N358363867421799,-A
https://campusnet.jacobs-university.de/scripts/mgrqispi.dll?APPNAME=CampusNet&PRGNAME=COURSEDETAILS&ARGUMENTS=-N000000000000001,-N000127,-N0,-N357994914690644,-N357994914659645,-N0,-N0,-N0
https://campusnet.jacobs-university.de/scripts/mgrqispi.dll?APPNAME=CampusNet&PRGNAME=COURSEDETAILS&ARGUMENTS=-N000000000000001,-N000127,-N0,-N357994914672649,-N357994914651650,-N0,-N0,-N0
https://campusnet.jacobs-university.de/scripts/mgrqispi.dll?APPNAME=CampusNet&PRGNAME=COURSEDETAILS&ARGUMENTS=-N000000000000001,-N000127,-N0,-N357994914641654,-N357994914673655,-N0,-N0,-N0
https://campusnet.jacobs-university.de/scripts/mgrqispi.dll?APPNAME=CampusNet&PRGNAME=COURSEDETAILS&ARGUMENTS=-N000000000000001,-N000127,-N0,-N357994914624659,-N357994914618660,-N0,-N0,-N0
https://campusnet.jacobs-university.de/scripts/mgrqispi.dll?APPNAME=CampusNet&PRGNAME=COURSEDETAILS&ARGUMENTS=-N000000000000001,-N000127,-N0,-N357994914675664,-N357994914631665,-N0,-N0,-N0
https://campusnet.jacobs-university.de/scripts/mgrqispi.dll?APPNAME=CampusNet&PRGNAME=COURSEDETAILS&ARGUMENTS=-N000000000000001,-N000127,-N0,-N357994914683669,-N357994914696670,-N0,-N0,-N0
https://campusnet.jacobs-university.de/scripts/mgrqispi.dll?APPNAME=CampusNet&PRGNAME=COURSEDETAILS&ARGUMENTS=-N000000000000001,-N000127,-N0,-N357994914782674,-N357994914794675,-N0,-N0,-N0
https://campusnet.jacobs-university.de/scripts/mgrqispi.dll?APPNAME=CampusNet&PRGNAME=COURSEDETAILS&ARGUMENTS=-N000000000000001,-N000127,-N0,-N358024016562495,-N358024016533496,-N0,-N0,-N0
https://campusnet.jacobs-university.de/scripts/mgrqispi.dll?APPNAME=CampusNet&PRGNAME=MODULEDETAILS&ARGUMENTS=-N000000000000001,-N000127,-N358225445292612,-A
https://campusnet.jacobs-university.de/scripts/mgrqispi.dll?APPNAME=CampusNet&PRGNAME=COURSEDETAILS&ARGUMENTS=-N000000000000001,-N000127,-N0,-N358225653220301,-N358225653236302,-N0,-N0,-N0
https://campusnet.jacobs-university.de/scripts/mgrqispi.dll?APPNAME=CampusNet&PRGNAME=COURSEDETAILS&ARGUMENTS=-N000000000000001,-N000127,-N0,-N358225653221322,-N358225653212323,-N0,-N0,-N0
https://campusnet.jacobs-university.de/scripts/mgrqispi.dll?APPNAME=CampusNet&PRGNAME=MODULEDETAILS&ARGUMENTS=-N000000000000001,-N000127,-N358225445200607,-A
https://campusnet.jacobs-university.de/scripts/mgrqispi.dll?APPNAME=CampusNet&PRGNAME=COURSEDETAILS&ARGUMENTS=-N000000000000001,-N000127,-N0,-N358225653163268,-N358225653135269,-N0,-N0,-N0
https://campusnet.jacobs-university.de/scripts/mgrqispi.dll?APPNAME=CampusNet&PRGNAME=COURSEDETAILS&ARGUMENTS=-N000000000000001,-N000127,-N0,-N358225653154286,-N358225653195287,-N0,-N0,-N0
https://campusnet.jacobs-university.de/scripts/mgrqispi.dll?APPNAME=CampusNet&PRGNAME=MODULEDETAILS&ARGUMENTS=-N000000000000001,-N000127,-N358225445607768,-A
https://campusnet.jacobs-university.de/scripts/mgrqispi.dll?APPNAME=CampusNet&PRGNAME=COURSEDETAILS&ARGUMENTS=-N000000000000001,-N000127,-N0,-N358225653971612,-N358225653949613,-N0,-N0,-N0
https://campusnet.jacobs-university.de/scripts/mgrqispi.dll?APPNAME=CampusNet&PRGNAME=COURSEDETAILS&ARGUMENTS=-N000000000000001,-N000127,-N0,-N358225654008620,-N358225654064621,-N0,-N0,-N0
https://campusnet.jacobs-university.de/scripts/mgrqispi.dll?APPNAME=CampusNet&PRGNAME=MODULEDETAILS&ARGUMENTS=-N000000000000001,-N000127,-N358225445696763,-A
https://campusnet.jacobs-university.de/scripts/mgrqispi.dll?APPNAME=CampusNet&PRGNAME=COURSEDETAILS&ARGUMENTS=-N000000000000001,-N000127,-N0,-N358225653958596,-N358225653978597,-N0,-N0,-N0
https://campusnet.jacobs-university.de/scripts/mgrqispi.dll?APPNAME=CampusNet&PRGNAME=COURSEDETAILS&ARGUMENTS=-N000000000000001,-N000127,-N0,-N358225653906604,-N358225653985605,-N0,-N0,-N0
https://campusnet.jacobs-university.de/scripts/mgrqispi.dll?APPNAME=CampusNet&PRGNAME=MODULEDETAILS&ARGUMENTS=-N000000000000001,-N000127,-N358225445259591,-A
https://campusnet.jacobs-university.de/scripts/mgrqispi.dll?APPNAME=CampusNet&PRGNAME=COURSEDETAILS&ARGUMENTS=-N000000000000001,-N000127,-N0,-N358225653673467,-N358225653652468,-N0,-N0,-N0
https://campusnet.jacobs-university.de/scripts/mgrqispi.dll?APPNAME=CampusNet&PRGNAME=COURSEDETAILS&ARGUMENTS=-N000000000000001,-N000127,-N0,-N358225653624475,-N358225653617476,-N0,-N0,-N0
https://campusnet.jacobs-university.de/scripts/mgrqispi.dll?APPNAME=CampusNet&PRGNAME=COURSEDETAILS&ARGUMENTS=-N000000000000001,-N000127,-N0,-N358225653667459,-N358225653618460,-N0,-N0,-N0
https://campusnet.jacobs-university.de/scripts/mgrqispi.dll?APPNAME=CampusNet&PRGNAME=MODULEDETAILS&ARGUMENTS=-N000000000000001,-N000127,-N358225445342647,-A
https://campusnet.jacobs-university.de/scripts/mgrqispi.dll?APPNAME=CampusNet&PRGNAME=COURSEDETAILS&ARGUMENTS=-N000000000000001,-N000127,-N0,-N358225653846549,-N358225653857550,-N0,-N0,-N0
https://campusnet.jacobs-university.de/scripts/mgrqispi.dll?APPNAME=CampusNet&PRGNAME=COURSEDETAILS&ARGUMENTS=-N000000000000001,-N000127,-N0,-N358225653802557,-N358225653878558,-N0,-N0,-N0
https://campusnet.jacobs-university.de/scripts/mgrqispi.dll?APPNAME=CampusNet&PRGNAME=MODULEDETAILS&ARGUMENTS=-N000000000000001,-N000127,-N358225445266617,-A
https://campusnet.jacobs-university.de/scripts/mgrqispi.dll?APPNAME=CampusNet&PRGNAME=COURSEDETAILS&ARGUMENTS=-N000000000000001,-N000127,-N0,-N358225653352356,-N358225653342357,-N0,-N0,-N0
https://campusnet.jacobs-university.de/scripts/mgrqispi.dll?APPNAME=CampusNet&PRGNAME=COURSEDETAILS&ARGUMENTS=-N000000000000001,-N000127,-N0,-N358225653356364,-N358225653323365,-N0,-N0,-N0
https://campusnet.jacobs-university.de/scripts/mgrqispi.dll?APPNAME=CampusNet&PRGNAME=MODULEDETAILS&ARGUMENTS=-N000000000000001,-N000127,-N358225445235627,-A
https://campusnet.jacobs-university.de/scripts/mgrqispi.dll?APPNAME=CampusNet&PRGNAME=COURSEDETAILS&ARGUMENTS=-N000000000000001,-N000127,-N0,-N358225653263340,-N358225653211341,-N0,-N0,-N0
https://campusnet.jacobs-university.de/scripts/mgrqispi.dll?APPNAME=CampusNet&PRGNAME=COURSEDETAILS&ARGUMENTS=-N000000000000001,-N000127,-N0,-N358225653316348,-N358225653328349,-N0,-N0,-N0
https://campusnet.jacobs-university.de/scripts/mgrqispi.dll?APPNAME=CampusNet&PRGNAME=MODULEDETAILS&ARGUMENTS=-N000000000000001,-N000127,-N358225445231622,-A
https://campusnet.jacobs-university.de/scripts/mgrqispi.dll?APPNAME=CampusNet&PRGNAME=COURSEDETAILS&ARGUMENTS=-N000000000000001,-N000127,-N0,-N358225653376372,-N358225653384373,-N0,-N0,-N0
https://campusnet.jacobs-university.de/scripts/mgrqispi.dll?APPNAME=CampusNet&PRGNAME=COURSEDETAILS&ARGUMENTS=-N000000000000001,-N000127,-N0,-N358225653451390,-N358225653465391,-N0,-N0,-N0
https://campusnet.jacobs-university.de/scripts/mgrqispi.dll?APPNAME=CampusNet&PRGNAME=MODULEDETAILS&ARGUMENTS=-N000000000000001,-N000127,-N358225445235596,-A
https://campusnet.jacobs-university.de/scripts/mgrqispi.dll?APPNAME=CampusNet&PRGNAME=COURSEDETAILS&ARGUMENTS=-N000000000000001,-N000127,-N0,-N358225653419414,-N358225653434415,-N0,-N0,-N0
https://campusnet.jacobs-university.de/scripts/mgrqispi.dll?APPNAME=CampusNet&PRGNAME=MODULEDETAILS&ARGUMENTS=-N000000000000001,-N000127,-N358225445330632,-A
https://campusnet.jacobs-university.de/scripts/mgrqispi.dll?APPNAME=CampusNet&PRGNAME=COURSEDETAILS&ARGUMENTS=-N000000000000001,-N000127,-N0,-N358225653491398,-N358225653459399,-N0,-N0,-N0
https://campusnet.jacobs-university.de/scripts/mgrqispi.dll?APPNAME=CampusNet&PRGNAME=COURSEDETAILS&ARGUMENTS=-N000000000000001,-N000127,-N0,-N358225653492406,-N358225653437407,-N0,-N0,-N0
https://campusnet.jacobs-university.de/scripts/mgrqispi.dll?APPNAME=CampusNet&PRGNAME=COURSEDETAILS&ARGUMENTS=-N000000000000001,-N000127,-N0,-N358235707466447,-N358235707465448,-N0,-N0,-N0
https://campusnet.jacobs-university.de/scripts/mgrqispi.dll?APPNAME=CampusNet&PRGNAME=MODULEDETAILS&ARGUMENTS=-N000000000000001,-N000127,-N358225445197581,-A
https://campusnet.jacobs-university.de/scripts/mgrqispi.dll?APPNAME=CampusNet&PRGNAME=COURSEDETAILS&ARGUMENTS=-N000000000000001,-N000127,-N0,-N358225653633483,-N358225653683484,-N0,-N0,-N0
https://campusnet.jacobs-university.de/scripts/mgrqispi.dll?APPNAME=CampusNet&PRGNAME=COURSEDETAILS&ARGUMENTS=-N000000000000001,-N000127,-N0,-N358225653628491,-N358225653650492,-N0,-N0,-N0
https://campusnet.jacobs-university.de/scripts/mgrqispi.dll?APPNAME=CampusNet&PRGNAME=MODULEDETAILS&ARGUMENTS=-N000000000000001,-N000127,-N358225445343637,-A
https://campusnet.jacobs-university.de/scripts/mgrqispi.dll?APPNAME=CampusNet&PRGNAME=COURSEDETAILS&ARGUMENTS=-N000000000000001,-N000127,-N0,-N358225653531451,-N358225653530452,-N0,-N0,-N0
https://campusnet.jacobs-university.de/scripts/mgrqispi.dll?APPNAME=CampusNet&PRGNAME=COURSEDETAILS&ARGUMENTS=-N000000000000001,-N000127,-N0,-N358225653548443,-N358225653535444,-N0,-N0,-N0
https://campusnet.jacobs-university.de/scripts/mgrqispi.dll?APPNAME=CampusNet&PRGNAME=COURSEDETAILS&ARGUMENTS=-N000000000000001,-N000127,-N0,-N358225653553427,-N358225653593428,-N0,-N0,-N0
https://campusnet.jacobs-university.de/scripts/mgrqispi.dll?APPNAME=CampusNet&PRGNAME=COURSEDETAILS&ARGUMENTS=-N000000000000001,-N000127,-N0,-N358225653505435,-N358225653534436,-N0,-N0,-N0
https://campusnet.jacobs-university.de/scripts/mgrqispi.dll?APPNAME=CampusNet&PRGNAME=MODULEDETAILS&ARGUMENTS=-N000000000000001,-N000127,-N358355285263996,-A
https://campusnet.jacobs-university.de/scripts/mgrqispi.dll?APPNAME=CampusNet&PRGNAME=COURSEDETAILS&ARGUMENTS=-N000000000000001,-N000127,-N0,-N358225654278718,-N358225654237719,-N0,-N0,-N0
https://campusnet.jacobs-university.de/scripts/mgrqispi.dll?APPNAME=CampusNet&PRGNAME=COURSEDETAILS&ARGUMENTS=-N000000000000001,-N000127,-N0,-N358355291442029,-N358355291498030,-N0,-N0,-N0
https://campusnet.jacobs-university.de/scripts/mgrqispi.dll?APPNAME=CampusNet&PRGNAME=COURSEDETAILS&ARGUMENTS=-N000000000000001,-N000127,-N0,-N358355291447037,-N358355291483038,-N0,-N0,-N0
https://campusnet.jacobs-university.de/scripts/mgrqispi.dll?APPNAME=CampusNet&PRGNAME=COURSEDETAILS&ARGUMENTS=-N000000000000001,-N000127,-N0,-N357955107464956,-N357955107437957,-N0,-N0,-N0
https://campusnet.jacobs-university.de/scripts/mgrqispi.dll?APPNAME=CampusNet&PRGNAME=COURSEDETAILS&ARGUMENTS=-N000000000000001,-N000127,-N0,-N358303691931160,-N358303691955161,-N0,-N0,-N0
https://campusnet.jacobs-university.de/scripts/mgrqispi.dll?APPNAME=CampusNet&PRGNAME=COURSEDETAILS&ARGUMENTS=-N000000000000001,-N000127,-N0,-N358303748544230,-N358303748578231,-N0,-N0,-N0
https://campusnet.jacobs-university.de/scripts/mgrqispi.dll?APPNAME=CampusNet&PRGNAME=COURSEDETAILS&ARGUMENTS=-N000000000000001,-N000127,-N0,-N358303803078298,-N358303803086299,-N0,-N0,-N0
https://campusnet.jacobs-university.de/scripts/mgrqispi.dll?APPNAME=CampusNet&PRGNAME=COURSEDETAILS&ARGUMENTS=-N000000000000001,-N000127,-N0,-N358345606202290,-N358345606278291,-N0,-N0,-N0
https://campusnet.jacobs-university.de/scripts/mgrqispi.dll?APPNAME=CampusNet&PRGNAME=COURSEDETAILS&ARGUMENTS=-N000000000000001,-N000127,-N0,-N358295297142715,-N358295297198716,-N0,-N0,-N0
https://campusnet.jacobs-university.de/scripts/mgrqispi.dll?APPNAME=CampusNet&PRGNAME=COURSEDETAILS&ARGUMENTS=-N000000000000001,-N000127,-N0,-N358296011723119,-N358296011765120,-N0,-N0,-N0
https://campusnet.jacobs-university.de/scripts/mgrqispi.dll?APPNAME=CampusNet&PRGNAME=COURSEDETAILS&ARGUMENTS=-N000000000000001,-N000127,-N0,-N358296258567360,-N358296258518361,-N0,-N0,-N0
https://campusnet.jacobs-university.de/scripts/mgrqispi.dll?APPNAME=CampusNet&PRGNAME=COURSEDETAILS&ARGUMENTS=-N000000000000001,-N000127,-N0,-N358303886867341,-N358303886868342,-N0,-N0,-N0
https://campusnet.jacobs-university.de/scripts/mgrqispi.dll?APPNAME=CampusNet&PRGNAME=COURSEDETAILS&ARGUMENTS=-N000000000000001,-N000127,-N0,-N358295444874880,-N358295444830881,-N0,-N0,-N0
https://campusnet.jacobs-university.de/scripts/mgrqispi.dll?APPNAME=CampusNet&PRGNAME=COURSEDETAILS&ARGUMENTS=-N000000000000001,-N000127,-N0,-N358296105207199,-N358296105237200,-N0,-N0,-N0
https://campusnet.jacobs-university.de/scripts/mgrqispi.dll?APPNAME=CampusNet&PRGNAME=COURSEDETAILS&ARGUMENTS=-N000000000000001,-N000127,-N0,-N358296299387438,-N358296299303439,-N0,-N0,-N0
https://campusnet.jacobs-university.de/scripts/mgrqispi.dll?APPNAME=CampusNet&PRGNAME=COURSEDETAILS&ARGUMENTS=-N000000000000001,-N000127,-N0,-N358295894364395,-N358295894363396,-N0,-N0,-N0
https://campusnet.jacobs-university.de/scripts/mgrqispi.dll?APPNAME=CampusNet&PRGNAME=COURSEDETAILS&ARGUMENTS=-N000000000000001,-N000127,-N0,-N358296155608268,-N358296155639269,-N0,-N0,-N0
https://campusnet.jacobs-university.de/scripts/mgrqispi.dll?APPNAME=CampusNet&PRGNAME=COURSEDETAILS&ARGUMENTS=-N000000000000001,-N000127,-N0,-N358303644647090,-N358303644632091,-N0,-N0,-N0
https://campusnet.jacobs-university.de/scripts/mgrqispi.dll?APPNAME=CampusNet&PRGNAME=COURSEDETAILS&ARGUMENTS=-N000000000000001,-N000127,-N0,-N358364527271953,-N358364527224954,-N0,-N0,-N0
https://campusnet.jacobs-university.de/scripts/mgrqispi.dll?APPNAME=CampusNet&PRGNAME=COURSEDETAILS&ARGUMENTS=-N000000000000001,-N000127,-N0,-N358364527355971,-N358364527372972,-N0,-N0,-N0
https://campusnet.jacobs-university.de/scripts/mgrqispi.dll?APPNAME=CampusNet&PRGNAME=COURSEDETAILS&ARGUMENTS=-N000000000000001,-N000127,-N0,-N358364527465990,-N358364527438991,-N0,-N0,-N0
https://campusnet.jacobs-university.de/scripts/mgrqispi.dll?APPNAME=CampusNet&PRGNAME=COURSEDETAILS&ARGUMENTS=-N000000000000001,-N000127,-N0,-N358364527432995,-N358364527406996,-N0,-N0,-N0
https://campusnet.jacobs-university.de/scripts/mgrqispi.dll?APPNAME=CampusNet&PRGNAME=COURSEDETAILS&ARGUMENTS=-N000000000000001,-N000127,-N0,-N358364527412985,-N358364527421986,-N0,-N0,-N0
https://campusnet.jacobs-university.de/scripts/mgrqispi.dll?APPNAME=CampusNet&PRGNAME=COURSEDETAILS&ARGUMENTS=-N000000000000001,-N000127,-N0,-N358225654044628,-N358225654027629,-N0,-N0,-N0
https://campusnet.jacobs-university.de/scripts/mgrqispi.dll?APPNAME=CampusNet&PRGNAME=COURSEDETAILS&ARGUMENTS=-N000000000000001,-N000127,-N0,-N358225654029648,-N358225654002649,-N0,-N0,-N0
https://campusnet.jacobs-university.de/scripts/mgrqispi.dll?APPNAME=CampusNet&PRGNAME=COURSEDETAILS&ARGUMENTS=-N000000000000001,-N000127,-N0,-N358225654146668,-N358225654131669,-N0,-N0,-N0
https://campusnet.jacobs-university.de/scripts/mgrqispi.dll?APPNAME=CampusNet&PRGNAME=COURSEDETAILS&ARGUMENTS=-N000000000000001,-N000127,-N0,-N358225654168685,-N358225654169686,-N0,-N0,-N0
https://campusnet.jacobs-university.de/scripts/mgrqispi.dll?APPNAME=CampusNet&PRGNAME=COURSEDETAILS&ARGUMENTS=-N000000000000001,-N000127,-N0,-N358225654293702,-N358225654238703,-N0,-N0,-N0
https://campusnet.jacobs-university.de/scripts/mgrqispi.dll?APPNAME=CampusNet&PRGNAME=COURSEDETAILS&ARGUMENTS=-N000000000000001,-N000127,-N0,-N358225654293710,-N358225654288711,-N0,-N0,-N0
https://campusnet.jacobs-university.de/scripts/mgrqispi.dll?APPNAME=CampusNet&PRGNAME=COURSEDETAILS&ARGUMENTS=-N000000000000001,-N000127,-N0,-N358363723402449,-N358363723429450,-N0,-N0,-N0
https://campusnet.jacobs-university.de/scripts/mgrqispi.dll?APPNAME=CampusNet&PRGNAME=COURSEDETAILS&ARGUMENTS=-N000000000000001,-N000127,-N0,-N358225652884167,-N358225652847168,-N0,-N0,-N0
https://campusnet.jacobs-university.de/scripts/mgrqispi.dll?APPNAME=CampusNet&PRGNAME=COURSEDETAILS&ARGUMENTS=-N000000000000001,-N000127,-N0,-N358225652866153,-N358225652892154,-N0,-N0,-N0
https://campusnet.jacobs-university.de/scripts/mgrqispi.dll?APPNAME=CampusNet&PRGNAME=COURSEDETAILS&ARGUMENTS=-N000000000000001,-N000127,-N0,-N358225652718148,-N358225652707149,-N0,-N0,-N0
https://campusnet.jacobs-university.de/scripts/mgrqispi.dll?APPNAME=CampusNet&PRGNAME=COURSEDETAILS&ARGUMENTS=-N000000000000001,-N000127,-N0,-N358225653739529,-N358225653744530,-N0,-N0,-N0
https://campusnet.jacobs-university.de/scripts/mgrqispi.dll?APPNAME=CampusNet&PRGNAME=COURSEDETAILS&ARGUMENTS=-N000000000000001,-N000127,-N0,-N358225653821565,-N358225653863566,-N0,-N0,-N0
https://campusnet.jacobs-university.de/scripts/mgrqispi.dll?APPNAME=CampusNet&PRGNAME=COURSEDETAILS&ARGUMENTS=-N000000000000001,-N000127,-N0,-N358065282104102,-N358065282158103,-N0,-N0,-N0
https://campusnet.jacobs-university.de/scripts/mgrqispi.dll?APPNAME=CampusNet&PRGNAME=COURSEDETAILS&ARGUMENTS=-N000000000000001,-N000127,-N0,-N358065282082097,-N358065282093098,-N0,-N0,-N0
https://campusnet.jacobs-university.de/scripts/mgrqispi.dll?APPNAME=CampusNet&PRGNAME=COURSEDETAILS&ARGUMENTS=-N000000000000001,-N000127,-N0,-N358165204007888,-N358165204037889,-N0,-N0,-N0
https://campusnet.jacobs-university.de/scripts/mgrqispi.dll?APPNAME=CampusNet&PRGNAME=COURSEDETAILS&ARGUMENTS=-N000000000000001,-N000127,-N0,-N358104181037234,-N358104181041235,-N0,-N0,-N0
https://campusnet.jacobs-university.de/scripts/mgrqispi.dll?APPNAME=CampusNet&PRGNAME=COURSEDETAILS&ARGUMENTS=-N000000000000001,-N000127,-N0,-N358104181049239,-N358104181036240,-N0,-N0,-N0
https://campusnet.jacobs-university.de/scripts/mgrqispi.dll?APPNAME=CampusNet&PRGNAME=COURSEDETAILS&ARGUMENTS=-N000000000000001,-N000127,-N0,-N358366150450691,-N358366150488692,-N0,-N0,-N0
https://campusnet.jacobs-university.de/scripts/mgrqispi.dll?APPNAME=CampusNet&PRGNAME=COURSEDETAILS&ARGUMENTS=-N000000000000001,-N000127,-N0,-N358324989930511,-N358324989903512,-N0,-N0,-N0
https://campusnet.jacobs-university.de/scripts/mgrqispi.dll?APPNAME=CampusNet&PRGNAME=COURSEDETAILS&ARGUMENTS=-N000000000000001,-N000127,-N0,-N358104181000244,-N358104181026245,-N0,-N0,-N0
https://campusnet.jacobs-university.de/scripts/mgrqispi.dll?APPNAME=CampusNet&PRGNAME=COURSEDETAILS&ARGUMENTS=-N000000000000001,-N000127,-N0,-N357994914690644,-N357994914659645,-N0,-N0,-N0
https://campusnet.jacobs-university.de/scripts/mgrqispi.dll?APPNAME=CampusNet&PRGNAME=COURSEDETAILS&ARGUMENTS=-N000000000000001,-N000127,-N0,-N357994914672649,-N357994914651650,-N0,-N0,-N0
https://campusnet.jacobs-university.de/scripts/mgrqispi.dll?APPNAME=CampusNet&PRGNAME=COURSEDETAILS&ARGUMENTS=-N000000000000001,-N000127,-N0,-N357994914641654,-N357994914673655,-N0,-N0,-N0
https://campusnet.jacobs-university.de/scripts/mgrqispi.dll?APPNAME=CampusNet&PRGNAME=COURSEDETAILS&ARGUMENTS=-N000000000000001,-N000127,-N0,-N357994914624659,-N357994914618660,-N0,-N0,-N0
https://campusnet.jacobs-university.de/scripts/mgrqispi.dll?APPNAME=CampusNet&PRGNAME=COURSEDETAILS&ARGUMENTS=-N000000000000001,-N000127,-N0,-N357994914675664,-N357994914631665,-N0,-N0,-N0
https://campusnet.jacobs-university.de/scripts/mgrqispi.dll?APPNAME=CampusNet&PRGNAME=COURSEDETAILS&ARGUMENTS=-N000000000000001,-N000127,-N0,-N357994914683669,-N357994914696670,-N0,-N0,-N0
https://campusnet.jacobs-university.de/scripts/mgrqispi.dll?APPNAME=CampusNet&PRGNAME=COURSEDETAILS&ARGUMENTS=-N000000000000001,-N000127,-N0,-N357994914782674,-N357994914794675,-N0,-N0,-N0
https://campusnet.jacobs-university.de/scripts/mgrqispi.dll?APPNAME=CampusNet&PRGNAME=COURSEDETAILS&ARGUMENTS=-N000000000000001,-N000127,-N0,-N358024016562495,-N358024016533496,-N0,-N0,-N0
https://campusnet.jacobs-university.de/scripts/mgrqispi.dll?APPNAME=CampusNet&PRGNAME=COURSEDETAILS&ARGUMENTS=-N000000000000001,-N000127,-N0,-N358073997910600,-N358073997943601,-N0,-N0,-N0
https://campusnet.jacobs-university.de/scripts/mgrqispi.dll?APPNAME=CampusNet&PRGNAME=COURSEDETAILS&ARGUMENTS=-N000000000000001,-N000127,-N0,-N358073998049619,-N358073998061620,-N0,-N0,-N0
https://campusnet.jacobs-university.de/scripts/mgrqispi.dll?APPNAME=CampusNet&PRGNAME=COURSEDETAILS&ARGUMENTS=-N000000000000001,-N000127,-N0,-N358073998053637,-N358073998093638,-N0,-N0,-N0
https://campusnet.jacobs-university.de/scripts/mgrqispi.dll?APPNAME=CampusNet&PRGNAME=COURSEDETAILS&ARGUMENTS=-N000000000000001,-N000127,-N0,-N358094505208949,-N358094505289950,-N0,-N0,-N0
https://campusnet.jacobs-university.de/scripts/mgrqispi.dll?APPNAME=CampusNet&PRGNAME=COURSEDETAILS&ARGUMENTS=-N000000000000001,-N000127,-N0,-N358073998034642,-N358073998060643,-N0,-N0,-N0
https://campusnet.jacobs-university.de/scripts/mgrqispi.dll?APPNAME=CampusNet&PRGNAME=COURSEDETAILS&ARGUMENTS=-N000000000000001,-N000127,-N0,-N358073998028647,-N358073998025648,-N0,-N0,-N0
https://campusnet.jacobs-university.de/scripts/mgrqispi.dll?APPNAME=CampusNet&PRGNAME=COURSEDETAILS&ARGUMENTS=-N000000000000001,-N000127,-N0,-N358094530262101,-N358094530209102,-N0,-N0,-N0
https://campusnet.jacobs-university.de/scripts/mgrqispi.dll?APPNAME=CampusNet&PRGNAME=COURSEDETAILS&ARGUMENTS=-N000000000000001,-N000127,-N0,-N358024758604596,-N358024758633597,-N0,-N0,-N0
https://campusnet.jacobs-university.de/scripts/mgrqispi.dll?APPNAME=CampusNet&PRGNAME=COURSEDETAILS&ARGUMENTS=-N000000000000001,-N000127,-N0,-N358024758737614,-N358024758741615,-N0,-N0,-N0
https://campusnet.jacobs-university.de/scripts/mgrqispi.dll?APPNAME=CampusNet&PRGNAME=COURSEDETAILS&ARGUMENTS=-N000000000000001,-N000127,-N0,-N358024758752632,-N358024758766633,-N0,-N0,-N0
https://campusnet.jacobs-university.de/scripts/mgrqispi.dll?APPNAME=CampusNet&PRGNAME=COURSEDETAILS&ARGUMENTS=-N000000000000001,-N000127,-N0,-N358024758777650,-N358024758759651,-N0,-N0,-N0
https://campusnet.jacobs-university.de/scripts/mgrqispi.dll?APPNAME=CampusNet&PRGNAME=COURSEDETAILS&ARGUMENTS=-N000000000000001,-N000127,-N0,-N358024801747672,-N358024801782673,-N0,-N0,-N0
https://campusnet.jacobs-university.de/scripts/mgrqispi.dll?APPNAME=CampusNet&PRGNAME=COURSEDETAILS&ARGUMENTS=-N000000000000001,-N000127,-N0,-N357994984673684,-N357994984627685,-N0,-N0,-N0
